"","id","type"
"AAACAGAGCGACTCCT-1","AAACAGAGCGACTCCT-1","2"
"AAACCGGGTAGGTACC-1","AAACCGGGTAGGTACC-1","7"
"AAACCGTTCGTCCAGG-1","AAACCGTTCGTCCAGG-1","5"
"AAACTCGTGATATAAG-1","AAACTCGTGATATAAG-1","6"
"AAAGGGATGTAGCAAG-1","AAAGGGATGTAGCAAG-1","7"
"AAATAACCATACGGGA-1","AAATAACCATACGGGA-1","2"
"AAATCGTGTACCACAA-1","AAATCGTGTACCACAA-1","4"
"AAATGATTCGATCAGC-1","AAATGATTCGATCAGC-1","1"
"AAATGGTCAATGTGCC-1","AAATGGTCAATGTGCC-1","1"
"AAATTAACGGGTAGCT-1","AAATTAACGGGTAGCT-1","4"
"AAATTACACGACTCTG-1","AAATTACACGACTCTG-1","5"
"AAATTACCTATCGATG-1","AAATTACCTATCGATG-1","1"
"AAATTTGCGGGTGTGG-1","AAATTTGCGGGTGTGG-1","7"
"AACAACTGGTAGTTGC-1","AACAACTGGTAGTTGC-1","2"
"AACAGGATGGGCCGCG-1","AACAGGATGGGCCGCG-1","2"
"AACATATCAACTGGTG-1","AACATATCAACTGGTG-1","4"
"AACATCGATACGTCTA-1","AACATCGATACGTCTA-1","7"
"AACCAAGACTTCTCTG-1","AACCAAGACTTCTCTG-1","2"
"AACCGAGCTTGGTCAT-1","AACCGAGCTTGGTCAT-1","1"
"AACCTTTACGACGTCT-1","AACCTTTACGACGTCT-1","2"
"AACGATATGTCAACTG-1","AACGATATGTCAACTG-1","1"
"AACGCATGATCTGGGT-1","AACGCATGATCTGGGT-1","1"
"AACGCGGTCTCCAGCC-1","AACGCGGTCTCCAGCC-1","7"
"AACGGCCATCTCCGGT-1","AACGGCCATCTCCGGT-1","7"
"AACGTACTGTGGGTAC-1","AACGTACTGTGGGTAC-1","7"
"AACGTCAGACTAGTGG-1","AACGTCAGACTAGTGG-1","5"
"AACTCAAGTTAATTGC-1","AACTCAAGTTAATTGC-1","1"
"AACTCCTAATCCCATG-1","AACTCCTAATCCCATG-1","5"
"AACTGGGTCCCGACGT-1","AACTGGGTCCCGACGT-1","2"
"AACTTGCCCGTATGCA-1","AACTTGCCCGTATGCA-1","5"
"AAGACTGCAAGCTACT-1","AAGACTGCAAGCTACT-1","6"
"AAGAGGATGTACGCGA-1","AAGAGGATGTACGCGA-1","7"
"AAGATTGGCGGAACGT-1","AAGATTGGCGGAACGT-1","4"
"AAGGAGCGGTTGGTGC-1","AAGGAGCGGTTGGTGC-1","7"
"AAGGATGAGGGACCTC-1","AAGGATGAGGGACCTC-1","4"
"AAGGCGCGTAAAGCTT-1","AAGGCGCGTAAAGCTT-1","5"
"AAGGCTGTGCTCATCG-1","AAGGCTGTGCTCATCG-1","7"
"AAGGGACAGATTCTGT-1","AAGGGACAGATTCTGT-1","4"
"AAGGTATCCTAATATA-1","AAGGTATCCTAATATA-1","1"
"AAGTAGTGACGCGAGG-1","AAGTAGTGACGCGAGG-1","2"
"AAGTGACGACCGAATT-1","AAGTGACGACCGAATT-1","2"
"AAGTTCAGTCTGCGTA-1","AAGTTCAGTCTGCGTA-1","7"
"AAGTTCGGCCAACAGG-1","AAGTTCGGCCAACAGG-1","7"
"AATAACAACGCTCGGC-1","AATAACAACGCTCGGC-1","7"
"AATAACACTAGAACAA-1","AATAACACTAGAACAA-1","5"
"AATAGAACAGAGTGGC-1","AATAGAACAGAGTGGC-1","5"
"AATAGCTACCGCGTGC-1","AATAGCTACCGCGTGC-1","1"
"AATATCGAGGGTTCTC-1","AATATCGAGGGTTCTC-1","4"
"AATATTGGAGTATTGA-1","AATATTGGAGTATTGA-1","5"
"AATCTATGCCGGAGCC-1","AATCTATGCCGGAGCC-1","6"
"AATGACTGTCAGCCGG-1","AATGACTGTCAGCCGG-1","2"
"AATGATGATACGCTAT-1","AATGATGATACGCTAT-1","1"
"AATGATGCGACTCCTG-1","AATGATGCGACTCCTG-1","4"
"AATGCAACCGGGTACC-1","AATGCAACCGGGTACC-1","7"
"AATGCACCAAGCAATG-1","AATGCACCAAGCAATG-1","1"
"AATTAAAGGTCGGCGT-1","AATTAAAGGTCGGCGT-1","4"
"AATTCATAAGGGATCT-1","AATTCATAAGGGATCT-1","1"
"AATTTGGGACATAGTA-1","AATTTGGGACATAGTA-1","2"
"ACAACAGCATGAGCTA-1","ACAACAGCATGAGCTA-1","4"
"ACAAGCAGTGCCTAGC-1","ACAAGCAGTGCCTAGC-1","5"
"ACAAGGACAAGAGGTT-1","ACAAGGACAAGAGGTT-1","2"
"ACAATCCATTTAAACC-1","ACAATCCATTTAAACC-1","7"
"ACAATTTGAGCAGTGG-1","ACAATTTGAGCAGTGG-1","4"
"ACACAAAGACGGGTGG-1","ACACAAAGACGGGTGG-1","2"
"ACACCCAGCATGCAGC-1","ACACCCAGCATGCAGC-1","2"
"ACACCTTAAGTAGGGC-1","ACACCTTAAGTAGGGC-1","2"
"ACACGAGACTCCTTCT-1","ACACGAGACTCCTTCT-1","4"
"ACACGGGAACTTAGGG-1","ACACGGGAACTTAGGG-1","1"
"ACACTGATCAAGGTGT-1","ACACTGATCAAGGTGT-1","5"
"ACAGGTGGAGGTGAGG-1","ACAGGTGGAGGTGAGG-1","5"
"ACATAATAAGGCGGTG-1","ACATAATAAGGCGGTG-1","2"
"ACATCGGTCAGCCGCG-1","ACATCGGTCAGCCGCG-1","1"
"ACCAAACACCCAGCGA-1","ACCAAACACCCAGCGA-1","1"
"ACCAACACCACACACT-1","ACCAACACCACACACT-1","1"
"ACCACAAGTTTCTATC-1","ACCACAAGTTTCTATC-1","1"
"ACCATATCCGCAATAA-1","ACCATATCCGCAATAA-1","4"
"ACCATCGTATATGGTA-1","ACCATCGTATATGGTA-1","1"
"ACCCAACGCCCGTGGC-1","ACCCAACGCCCGTGGC-1","4"
"ACCCATCTTGAGGGTA-1","ACCCATCTTGAGGGTA-1","1"
"ACCCGGTTACACTTCC-1","ACCCGGTTACACTTCC-1","4"
"ACCCTGGTAACGCCCT-1","ACCCTGGTAACGCCCT-1","4"
"ACCGACTGAGTCCCAC-1","ACCGACTGAGTCCCAC-1","1"
"ACCTAAGTACCTTTCA-1","ACCTAAGTACCTTTCA-1","5"
"ACCTAATCGACTTCCT-1","ACCTAATCGACTTCCT-1","2"
"ACGAAATGGGCGGCAC-1","ACGAAATGGGCGGCAC-1","5"
"ACGAGTACGGATGCCC-1","ACGAGTACGGATGCCC-1","6"
"ACGATACATAGAACTA-1","ACGATACATAGAACTA-1","7"
"ACGATCATACATAGAG-1","ACGATCATACATAGAG-1","7"
"ACGATGCATATGTTAT-1","ACGATGCATATGTTAT-1","1"
"ACGCAATCACTACAGC-1","ACGCAATCACTACAGC-1","6"
"ACGCATTCGTGAGTAC-1","ACGCATTCGTGAGTAC-1","4"
"ACGCCAGATGATTTCT-1","ACGCCAGATGATTTCT-1","2"
"ACGCGAAGTCAGACGA-1","ACGCGAAGTCAGACGA-1","6"
"ACGCGCTACACAGGGT-1","ACGCGCTACACAGGGT-1","7"
"ACGCGGGCCAAGGACA-1","ACGCGGGCCAAGGACA-1","4"
"ACGCTAGTGATACACT-1","ACGCTAGTGATACACT-1","6"
"ACGGAGCGCAAATTAC-1","ACGGAGCGCAAATTAC-1","1"
"ACGGCACTTGCTTGGG-1","ACGGCACTTGCTTGGG-1","4"
"ACGTAGATTGCTGATG-1","ACGTAGATTGCTGATG-1","4"
"ACGTGCGCCTCGTGCA-1","ACGTGCGCCTCGTGCA-1","5"
"ACGTTAGATTTGCCCG-1","ACGTTAGATTTGCCCG-1","1"
"ACTACCAGCTCTCTGG-1","ACTACCAGCTCTCTGG-1","2"
"ACTATATGCTGTGTTC-1","ACTATATGCTGTGTTC-1","2"
"ACTCAATAAAGGCACG-1","ACTCAATAAAGGCACG-1","1"
"ACTCTTGTATAGTAAC-1","ACTCTTGTATAGTAAC-1","6"
"ACTGCCGTCGTAACTC-1","ACTGCCGTCGTAACTC-1","5"
"ACTGTACGATACACAT-1","ACTGTACGATACACAT-1","4"
"ACTGTAGCACTTTGGA-1","ACTGTAGCACTTTGGA-1","2"
"ACTGTCCAGGATTATA-1","ACTGTCCAGGATTATA-1","1"
"ACTGTCTTCTTTAGAA-1","ACTGTCTTCTTTAGAA-1","1"
"ACTTATTAGGATCGGT-1","ACTTATTAGGATCGGT-1","4"
"ACTTCGCCATACGCAC-1","ACTTCGCCATACGCAC-1","1"
"ACTTGGGACCCGGTGG-1","ACTTGGGACCCGGTGG-1","7"
"ACTTTCCTATAGCTTC-1","ACTTTCCTATAGCTTC-1","1"
"AGAACGTGGTACATTC-1","AGAACGTGGTACATTC-1","1"
"AGAAGGTTGCCGAATT-1","AGAAGGTTGCCGAATT-1","1"
"AGAATGCGGGTTCGGA-1","AGAATGCGGGTTCGGA-1","2"
"AGACCCGCCCTCCTCG-1","AGACCCGCCCTCCTCG-1","7"
"AGACTAGCCTTCCAGA-1","AGACTAGCCTTCCAGA-1","7"
"AGAGAACCGTCTAGGA-1","AGAGAACCGTCTAGGA-1","1"
"AGATAACTTCAGGGCC-1","AGATAACTTCAGGGCC-1","1"
"AGATACCGGTGTTCAC-1","AGATACCGGTGTTCAC-1","1"
"AGATCGTGCATAAGAT-1","AGATCGTGCATAAGAT-1","1"
"AGATCTCAGGTGTGAT-1","AGATCTCAGGTGTGAT-1","4"
"AGATGACTCGCCCACG-1","AGATGACTCGCCCACG-1","2"
"AGATGAGGGTTGCGAT-1","AGATGAGGGTTGCGAT-1","2"
"AGATTATAGGACGTTT-1","AGATTATAGGACGTTT-1","4"
"AGCACCAGTACTCACG-1","AGCACCAGTACTCACG-1","1"
"AGCACTTAAGGACGCC-1","AGCACTTAAGGACGCC-1","2"
"AGCATCGTCGATAATT-1","AGCATCGTCGATAATT-1","2"
"AGCCACTCCCGTGCTT-1","AGCCACTCCCGTGCTT-1","1"
"AGCCCATACATGTAAG-1","AGCCCATACATGTAAG-1","2"
"AGCCCTTCTAATCCGA-1","AGCCCTTCTAATCCGA-1","7"
"AGCGACAGGAACGGTC-1","AGCGACAGGAACGGTC-1","5"
"AGCGACCAACGATATT-1","AGCGACCAACGATATT-1","7"
"AGCGCGGGTGCCAATG-1","AGCGCGGGTGCCAATG-1","1"
"AGCTAGAAGCAGAAGT-1","AGCTAGAAGCAGAAGT-1","1"
"AGCTATTTAATCCAAC-1","AGCTATTTAATCCAAC-1","5"
"AGCTCTTCCCAGTGCA-1","AGCTCTTCCCAGTGCA-1","7"
"AGCTCTTTACTCAGTT-1","AGCTCTTTACTCAGTT-1","4"
"AGCTGAAGTAAACCAA-1","AGCTGAAGTAAACCAA-1","7"
"AGCTTGATCTTAACTT-1","AGCTTGATCTTAACTT-1","5"
"AGGACGACCCATTAGA-1","AGGACGACCCATTAGA-1","4"
"AGGACGCTCGATGTTG-1","AGGACGCTCGATGTTG-1","7"
"AGGCAGATGCGTAAAC-1","AGGCAGATGCGTAAAC-1","1"
"AGGCCACCCGTTATGA-1","AGGCCACCCGTTATGA-1","2"
"AGGCCCTAGAACGCCA-1","AGGCCCTAGAACGCCA-1","5"
"AGGCGTCTATGGACGG-1","AGGCGTCTATGGACGG-1","7"
"AGGCTTCCCGAAGAAG-1","AGGCTTCCCGAAGAAG-1","7"
"AGGGAAACGAGGTACT-1","AGGGAAACGAGGTACT-1","5"
"AGGGCTGCAGTTACAG-1","AGGGCTGCAGTTACAG-1","4"
"AGGGTCAGTAACCCTA-1","AGGGTCAGTAACCCTA-1","2"
"AGGGTTCCCTTTGGTT-1","AGGGTTCCCTTTGGTT-1","4"
"AGGGTTTAGTTCGGGA-1","AGGGTTTAGTTCGGGA-1","4"
"AGGTAGGTACAAAGCT-1","AGGTAGGTACAAAGCT-1","7"
"AGGTCGCGGAGTTACT-1","AGGTCGCGGAGTTACT-1","4"
"AGGTTGAGGCACGCTT-1","AGGTTGAGGCACGCTT-1","7"
"AGTACGGGCACCTGGC-1","AGTACGGGCACCTGGC-1","1"
"AGTAGGAAGGAAGTTG-1","AGTAGGAAGGAAGTTG-1","7"
"AGTCAACACCACCATC-1","AGTCAACACCACCATC-1","4"
"AGTCCCGCCTTTAATT-1","AGTCCCGCCTTTAATT-1","7"
"AGTCGGCCCAAACGAC-1","AGTCGGCCCAAACGAC-1","5"
"AGTCGTGGGCATTACG-1","AGTCGTGGGCATTACG-1","5"
"AGTCTTCTCCTCAAAT-1","AGTCTTCTCCTCAAAT-1","7"
"AGTGACCTACTTTACG-1","AGTGACCTACTTTACG-1","4"
"AGTGATATGAGTAGTT-1","AGTGATATGAGTAGTT-1","4"
"AGTGCGTAGCTCGTAA-1","AGTGCGTAGCTCGTAA-1","1"
"AGTGGCGGCAATTTGA-1","AGTGGCGGCAATTTGA-1","1"
"AGTGTATTGCGCATTG-1","AGTGTATTGCGCATTG-1","7"
"AGTTAAACACTTGCGA-1","AGTTAAACACTTGCGA-1","1"
"AGTTAAGCGGTCCCGG-1","AGTTAAGCGGTCCCGG-1","2"
"AGTTACTCTATCGTGG-1","AGTTACTCTATCGTGG-1","2"
"AGTTCCTACAGAATTA-1","AGTTCCTACAGAATTA-1","1"
"AGTTTGGCCAGACCTA-1","AGTTTGGCCAGACCTA-1","5"
"ATAAAGGCTCGGTCGT-1","ATAAAGGCTCGGTCGT-1","1"
"ATAAATATTAGCAGCT-1","ATAAATATTAGCAGCT-1","2"
"ATAACGGAGTCCAACG-1","ATAACGGAGTCCAACG-1","1"
"ATAACGTTACCTCCAC-1","ATAACGTTACCTCCAC-1","5"
"ATAAGTAGGATTCAGA-1","ATAAGTAGGATTCAGA-1","6"
"ATAAGTTACCGCGACG-1","ATAAGTTACCGCGACG-1","4"
"ATACCACGGGCAACTT-1","ATACCACGGGCAACTT-1","2"
"ATACCGTCATCCATAA-1","ATACCGTCATCCATAA-1","2"
"ATACGGGTTTCGATTG-1","ATACGGGTTTCGATTG-1","7"
"ATACTAGCATGACCCT-1","ATACTAGCATGACCCT-1","2"
"ATAGACAACGGGACCT-1","ATAGACAACGGGACCT-1","4"
"ATAGACGAAGAGAAAG-1","ATAGACGAAGAGAAAG-1","1"
"ATAGAGTACTGGGACA-1","ATAGAGTACTGGGACA-1","2"
"ATAGAGTTATCAACTT-1","ATAGAGTTATCAACTT-1","4"
"ATAGGCGGCTATAGAA-1","ATAGGCGGCTATAGAA-1","7"
"ATAGGCTAGCTTCGCA-1","ATAGGCTAGCTTCGCA-1","4"
"ATAGGGATATCCTTGA-1","ATAGGGATATCCTTGA-1","2"
"ATAGGTTGGGCAGATG-1","ATAGGTTGGGCAGATG-1","1"
"ATAGTGAAGCGTTCTC-1","ATAGTGAAGCGTTCTC-1","6"
"ATATCTCCCTCGTTAA-1","ATATCTCCCTCGTTAA-1","7"
"ATATCTTAGGGCCTTC-1","ATATCTTAGGGCCTTC-1","4"
"ATATTCAGTTAAACCT-1","ATATTCAGTTAAACCT-1","1"
"ATATTTAACCCTCAAG-1","ATATTTAACCCTCAAG-1","1"
"ATCAAACGAAGGTTTG-1","ATCAAACGAAGGTTTG-1","5"
"ATCAATCTGGGCTGCA-1","ATCAATCTGGGCTGCA-1","4"
"ATCACATTAGAATATC-1","ATCACATTAGAATATC-1","7"
"ATCACGTGCTAATTAA-1","ATCACGTGCTAATTAA-1","7"
"ATCACTTCATCCTCGC-1","ATCACTTCATCCTCGC-1","2"
"ATCAGACGGCACGCCG-1","ATCAGACGGCACGCCG-1","1"
"ATCAGTAGGCAGGGAT-1","ATCAGTAGGCAGGGAT-1","1"
"ATCATCCAATATTTGT-1","ATCATCCAATATTTGT-1","6"
"ATCCAACGCAGTCATA-1","ATCCAACGCAGTCATA-1","5"
"ATCCAATGGAGGGTCC-1","ATCCAATGGAGGGTCC-1","2"
"ATCCAGAGCAACAACC-1","ATCCAGAGCAACAACC-1","1"
"ATCCAGGATTCGTGAA-1","ATCCAGGATTCGTGAA-1","4"
"ATCCTACCTAAGCTCT-1","ATCCTACCTAAGCTCT-1","1"
"ATCCTGAATCGCTGCG-1","ATCCTGAATCGCTGCG-1","2"
"ATCCTGCGTGGAATGG-1","ATCCTGCGTGGAATGG-1","1"
"ATCGACTCTTTCCGTT-1","ATCGACTCTTTCCGTT-1","7"
"ATCGCACGCCGGGAGA-1","ATCGCACGCCGGGAGA-1","7"
"ATCGCTGCGTGCAGCA-1","ATCGCTGCGTGCAGCA-1","4"
"ATCGGCAAGCAGTCCA-1","ATCGGCAAGCAGTCCA-1","1"
"ATCTCCCTGCAATCTA-1","ATCTCCCTGCAATCTA-1","5"
"ATCTGCACCTCTGCGA-1","ATCTGCACCTCTGCGA-1","6"
"ATCTGGTTAAGACTGT-1","ATCTGGTTAAGACTGT-1","1"
"ATCTTGACCTGCAACG-1","ATCTTGACCTGCAACG-1","2"
"ATGAAGCCAAGGAGCC-1","ATGAAGCCAAGGAGCC-1","5"
"ATGACGCGTTCTATCC-1","ATGACGCGTTCTATCC-1","5"
"ATGAGGAGTGTTAATC-1","ATGAGGAGTGTTAATC-1","5"
"ATGATGCAATGGTACA-1","ATGATGCAATGGTACA-1","4"
"ATGCACTACCGCATTG-1","ATGCACTACCGCATTG-1","2"
"ATGCATGATCCAGGAT-1","ATGCATGATCCAGGAT-1","1"
"ATGCCAATCGCTCTGC-1","ATGCCAATCGCTCTGC-1","2"
"ATGCCGGTCTTGCATA-1","ATGCCGGTCTTGCATA-1","4"
"ATGCCGGTTGATGGGA-1","ATGCCGGTTGATGGGA-1","2"
"ATGCGACAATTGGTCC-1","ATGCGACAATTGGTCC-1","2"
"ATGCGACAGTCCCATT-1","ATGCGACAGTCCCATT-1","6"
"ATGGAGCAGGCCGTGA-1","ATGGAGCAGGCCGTGA-1","6"
"ATGGATCCGGCGTCCG-1","ATGGATCCGGCGTCCG-1","2"
"ATGGATTGACCAAACG-1","ATGGATTGACCAAACG-1","1"
"ATGTGCATCCGACGCA-1","ATGTGCATCCGACGCA-1","2"
"ATTAATACTACGCGGG-1","ATTAATACTACGCGGG-1","2"
"ATTAATGAACCAGTCG-1","ATTAATGAACCAGTCG-1","1"
"ATTACGCGCTGGCAGG-1","ATTACGCGCTGGCAGG-1","7"
"ATTACTTACTGGGCAT-1","ATTACTTACTGGGCAT-1","1"
"ATTAGATTCCTCAGCA-1","ATTAGATTCCTCAGCA-1","4"
"ATTATACTTTGCTCGT-1","ATTATACTTTGCTCGT-1","2"
"ATTATGCCATAGGGAG-1","ATTATGCCATAGGGAG-1","2"
"ATTCAGGACCTATTTC-1","ATTCAGGACCTATTTC-1","1"
"ATTCCTAAGACGTGGA-1","ATTCCTAAGACGTGGA-1","2"
"ATTCGACGCCGGGCCT-1","ATTCGACGCCGGGCCT-1","2"
"ATTGAAGATCTTAGTG-1","ATTGAAGATCTTAGTG-1","1"
"ATTGACCGGCGATGAC-1","ATTGACCGGCGATGAC-1","4"
"ATTGCTGCTCCTCCAT-1","ATTGCTGCTCCTCCAT-1","1"
"ATTGTCGCAATACCTT-1","ATTGTCGCAATACCTT-1","2"
"ATTGTGACTTCGCTGC-1","ATTGTGACTTCGCTGC-1","2"
"ATTTACAGTTTACTGG-1","ATTTACAGTTTACTGG-1","7"
"ATTTGTTCCAGGGCTC-1","ATTTGTTCCAGGGCTC-1","2"
"CAAACGAGTATCGCAG-1","CAAACGAGTATCGCAG-1","1"
"CAAACGGTCGCACTTT-1","CAAACGGTCGCACTTT-1","7"
"CAAATCTCTCACAAGG-1","CAAATCTCTCACAAGG-1","5"
"CAAATGTCCTTCCGTG-1","CAAATGTCCTTCCGTG-1","4"
"CAACGACCCGTTTACA-1","CAACGACCCGTTTACA-1","5"
"CAACTATATCGAATGC-1","CAACTATATCGAATGC-1","5"
"CAAGCAACGTCGGAGT-1","CAAGCAACGTCGGAGT-1","7"
"CAAGCACCAAATGCCT-1","CAAGCACCAAATGCCT-1","2"
"CAATAAACCTTGGCCC-1","CAATAAACCTTGGCCC-1","1"
"CAATCCCTATACCAGC-1","CAATCCCTATACCAGC-1","5"
"CAATGGATCTCTACCA-1","CAATGGATCTCTACCA-1","4"
"CAATTAAGGGTGATGA-1","CAATTAAGGGTGATGA-1","1"
"CAATTTCGTATAAGGG-1","CAATTTCGTATAAGGG-1","6"
"CACAAGAAAGATATTA-1","CACAAGAAAGATATTA-1","2"
"CACAATGAGCTGCTAT-1","CACAATGAGCTGCTAT-1","4"
"CACAGCACCCACGGCA-1","CACAGCACCCACGGCA-1","1"
"CACAGCTAGGGAGTGA-1","CACAGCTAGGGAGTGA-1","2"
"CACATGATTCAGCAAC-1","CACATGATTCAGCAAC-1","6"
"CACATTCTTTCGATGG-1","CACATTCTTTCGATGG-1","7"
"CACCATGATCGCAAAG-1","CACCATGATCGCAAAG-1","2"
"CACCCACGAGGCAATT-1","CACCCACGAGGCAATT-1","7"
"CACCGCCAGAAGGTTT-1","CACCGCCAGAAGGTTT-1","1"
"CACCGCGTCCACTCTA-1","CACCGCGTCCACTCTA-1","7"
"CACCGTTGCGCGATAT-1","CACCGTTGCGCGATAT-1","5"
"CACCTAATCAGTTTAC-1","CACCTAATCAGTTTAC-1","2"
"CACCTCGATGGTGGAC-1","CACCTCGATGGTGGAC-1","2"
"CACCTTGCGAAACTCG-1","CACCTTGCGAAACTCG-1","1"
"CACGAAAGTTAGTCCC-1","CACGAAAGTTAGTCCC-1","2"
"CACGCACAGCGCAGCT-1","CACGCACAGCGCAGCT-1","1"
"CACGCAGCGAGGCTTT-1","CACGCAGCGAGGCTTT-1","7"
"CACGGCGCGCCAAAGG-1","CACGGCGCGCCAAAGG-1","2"
"CACGTCGGCAACCTCT-1","CACGTCGGCAACCTCT-1","2"
"CACTAAAGTTGCCTAT-1","CACTAAAGTTGCCTAT-1","1"
"CACTCAAGAGCTATGG-1","CACTCAAGAGCTATGG-1","4"
"CACTCCTCTCGGTCGG-1","CACTCCTCTCGGTCGG-1","2"
"CACTTAATCAGACGGA-1","CACTTAATCAGACGGA-1","1"
"CAGACGAACCTGATAC-1","CAGACGAACCTGATAC-1","7"
"CAGAGACGGTCACCCA-1","CAGAGACGGTCACCCA-1","4"
"CAGAGCATGAGCTTGC-1","CAGAGCATGAGCTTGC-1","1"
"CAGATACTAACATAGT-1","CAGATACTAACATAGT-1","2"
"CAGATCATTTAAAGTC-1","CAGATCATTTAAAGTC-1","4"
"CAGCAGCCCGTTCCTT-1","CAGCAGCCCGTTCCTT-1","1"
"CAGCCTCCTGCAGAGG-1","CAGCCTCCTGCAGAGG-1","7"
"CAGCCTCTCCTCAAGA-1","CAGCCTCTCCTCAAGA-1","2"
"CAGCTCACTGAGACAT-1","CAGCTCACTGAGACAT-1","4"
"CAGCTCGACAAGTTAA-1","CAGCTCGACAAGTTAA-1","4"
"CAGCTTAGTAGGTAGC-1","CAGCTTAGTAGGTAGC-1","2"
"CAGGCCGTTTGGGTGT-1","CAGGCCGTTTGGGTGT-1","1"
"CAGTAACTATTTATTG-1","CAGTAACTATTTATTG-1","1"
"CAGTACATTCTCTAAA-1","CAGTACATTCTCTAAA-1","1"
"CAGTAGCCCACGCGGT-1","CAGTAGCCCACGCGGT-1","4"
"CAGTCGAGGATGCAAT-1","CAGTCGAGGATGCAAT-1","4"
"CAGTGAATAAATGACT-1","CAGTGAATAAATGACT-1","1"
"CAGTTCAAATTGACAC-1","CAGTTCAAATTGACAC-1","7"
"CATACCCGTACCCAGT-1","CATACCCGTACCCAGT-1","7"
"CATACTATGTAATTGT-1","CATACTATGTAATTGT-1","1"
"CATAGTACATTGAGAG-1","CATAGTACATTGAGAG-1","5"
"CATAGTCCACAAGAAC-1","CATAGTCCACAAGAAC-1","2"
"CATATACTACTGATAA-1","CATATACTACTGATAA-1","7"
"CATATAGGTACAGTCA-1","CATATAGGTACAGTCA-1","4"
"CATCGGACGGGTTAAT-1","CATCGGACGGGTTAAT-1","6"
"CATCTATCCCGTGTCT-1","CATCTATCCCGTGTCT-1","7"
"CATGATGCACAATTCT-1","CATGATGCACAATTCT-1","2"
"CATGCGACCAGTTTAA-1","CATGCGACCAGTTTAA-1","4"
"CATGGGTCGGGTGTGG-1","CATGGGTCGGGTGTGG-1","7"
"CATGGTCTAGATACCG-1","CATGGTCTAGATACCG-1","1"
"CATGTAGGAGCGCCAA-1","CATGTAGGAGCGCCAA-1","2"
"CATTACGTCGGCCCGT-1","CATTACGTCGGCCCGT-1","2"
"CATTATGCTTGTTGTG-1","CATTATGCTTGTTGTG-1","7"
"CATTGCGGGTCAATTC-1","CATTGCGGGTCAATTC-1","6"
"CATTTAGCGGACCATG-1","CATTTAGCGGACCATG-1","1"
"CATTTGAGTGGTACGT-1","CATTTGAGTGGTACGT-1","7"
"CCAAACAGAACCCTCG-1","CCAAACAGAACCCTCG-1","2"
"CCAACGATGCACTGAT-1","CCAACGATGCACTGAT-1","7"
"CCAAGAAAGTGGGCGA-1","CCAAGAAAGTGGGCGA-1","7"
"CCAAGACTTCTGCGAA-1","CCAAGACTTCTGCGAA-1","2"
"CCAAGCGTAACTCGTA-1","CCAAGCGTAACTCGTA-1","4"
"CCAATAGTGCCGTCGA-1","CCAATAGTGCCGTCGA-1","1"
"CCAATCGGTAGATCGA-1","CCAATCGGTAGATCGA-1","5"
"CCAATGTCACAGCAAG-1","CCAATGTCACAGCAAG-1","1"
"CCAATTACGGGTCGAG-1","CCAATTACGGGTCGAG-1","7"
"CCACAATGTACGTCTT-1","CCACAATGTACGTCTT-1","4"
"CCACACTGAGATATTA-1","CCACACTGAGATATTA-1","4"
"CCACCAACTTTACTGT-1","CCACCAACTTTACTGT-1","5"
"CCACGAGAAGAGAATC-1","CCACGAGAAGAGAATC-1","2"
"CCACTGGTGGCTGGTT-1","CCACTGGTGGCTGGTT-1","5"
"CCAGAAAGCAACTCAT-1","CCAGAAAGCAACTCAT-1","5"
"CCAGATAGTTGAGTGA-1","CCAGATAGTTGAGTGA-1","4"
"CCAGCCTGGACCAATA-1","CCAGCCTGGACCAATA-1","6"
"CCAGCTGATGGTACTT-1","CCAGCTGATGGTACTT-1","5"
"CCAGGGACGTGGCCTC-1","CCAGGGACGTGGCCTC-1","7"
"CCAGTAGTCTGATCCA-1","CCAGTAGTCTGATCCA-1","4"
"CCAGTCTAGACGGCGC-1","CCAGTCTAGACGGCGC-1","1"
"CCATAGGTTGGCGTGG-1","CCATAGGTTGGCGTGG-1","5"
"CCATGCCTGTTTAGTA-1","CCATGCCTGTTTAGTA-1","4"
"CCATTAGCGATAATCC-1","CCATTAGCGATAATCC-1","7"
"CCATTCCCTGCCCACA-1","CCATTCCCTGCCCACA-1","7"
"CCCAACATACGTCGCG-1","CCCAACATACGTCGCG-1","7"
"CCCAATTTCACAACTT-1","CCCAATTTCACAACTT-1","7"
"CCCAGAGGAGGGCGTA-1","CCCAGAGGAGGGCGTA-1","1"
"CCCGACCATAGTCCGC-1","CCCGACCATAGTCCGC-1","2"
"CCCGTAAGTCTAGGCC-1","CCCGTAAGTCTAGGCC-1","7"
"CCCGTCAGCGTCTGAC-1","CCCGTCAGCGTCTGAC-1","2"
"CCCTGAAATGAGTTGA-1","CCCTGAAATGAGTTGA-1","7"
"CCCTGCGCTACGCATA-1","CCCTGCGCTACGCATA-1","5"
"CCCTTTGACAGGTCTT-1","CCCTTTGACAGGTCTT-1","4"
"CCGACGTAAACACAAC-1","CCGACGTAAACACAAC-1","2"
"CCGAGCTGTGCTTGTC-1","CCGAGCTGTGCTTGTC-1","1"
"CCGCCTGCGAATTGGT-1","CCGCCTGCGAATTGGT-1","2"
"CCGCGGAATGCGTCAC-1","CCGCGGAATGCGTCAC-1","5"
"CCGCGGGTACGAAGAA-1","CCGCGGGTACGAAGAA-1","5"
"CCGCTTACCTCACTCT-1","CCGCTTACCTCACTCT-1","7"
"CCGGGCGGTCTCGTCA-1","CCGGGCGGTCTCGTCA-1","4"
"CCGGGTTCGAGGTTAC-1","CCGGGTTCGAGGTTAC-1","7"
"CCGTAAGTTGGTCCCA-1","CCGTAAGTTGGTCCCA-1","6"
"CCGTATTAGCGCAGTT-1","CCGTATTAGCGCAGTT-1","7"
"CCGTGGAACGATCCAA-1","CCGTGGAACGATCCAA-1","4"
"CCGTGTTAAATTCCAT-1","CCGTGTTAAATTCCAT-1","7"
"CCGTTACGTTAGAACA-1","CCGTTACGTTAGAACA-1","7"
"CCGTTCCGAATCTCGG-1","CCGTTCCGAATCTCGG-1","5"
"CCTAAAGGCTGACGCT-1","CCTAAAGGCTGACGCT-1","5"
"CCTAACTAAGGCTCTA-1","CCTAACTAAGGCTCTA-1","1"
"CCTACATTCACAGACG-1","CCTACATTCACAGACG-1","5"
"CCTACTGCTTACACTT-1","CCTACTGCTTACACTT-1","7"
"CCTATCTATATCGGAA-1","CCTATCTATATCGGAA-1","2"
"CCTATGGGTTACCGTC-1","CCTATGGGTTACCGTC-1","1"
"CCTCACCTGAGGGAGC-1","CCTCACCTGAGGGAGC-1","6"
"CCTCACCTTAGCATCG-1","CCTCACCTTAGCATCG-1","4"
"CCTCCGACAATTCAAG-1","CCTCCGACAATTCAAG-1","7"
"CCTCGCCAGCAAATTA-1","CCTCGCCAGCAAATTA-1","2"
"CCTCGCGCGATATAGG-1","CCTCGCGCGATATAGG-1","1"
"CCTCTAATCTGCCAAG-1","CCTCTAATCTGCCAAG-1","7"
"CCTCTCTCCCATCTAG-1","CCTCTCTCCCATCTAG-1","7"
"CCTCTGGCCTAGACGG-1","CCTCTGGCCTAGACGG-1","5"
"CCTGAATATTTACATA-1","CCTGAATATTTACATA-1","7"
"CCTGCTATTTGAGAAG-1","CCTGCTATTTGAGAAG-1","2"
"CCTGGCTAGACCCGCC-1","CCTGGCTAGACCCGCC-1","7"
"CCTGTAAGACATGATA-1","CCTGTAAGACATGATA-1","1"
"CCTGTACTCACGCCCA-1","CCTGTACTCACGCCCA-1","2"
"CCTGTCACCCGGGCTC-1","CCTGTCACCCGGGCTC-1","1"
"CCTGTCGCCCGTAAAT-1","CCTGTCGCCCGTAAAT-1","4"
"CCTTCTTGATCCAGTG-1","CCTTCTTGATCCAGTG-1","2"
"CCTTTCAATGAAGAAA-1","CCTTTCAATGAAGAAA-1","4"
"CGAAACGCAATTCATG-1","CGAAACGCAATTCATG-1","7"
"CGAACCCGCATGCGTC-1","CGAACCCGCATGCGTC-1","1"
"CGAAGCTATAAATTCA-1","CGAAGCTATAAATTCA-1","1"
"CGAAGTTGCTCTGTGT-1","CGAAGTTGCTCTGTGT-1","7"
"CGACAGTTCGCGTTAT-1","CGACAGTTCGCGTTAT-1","1"
"CGACTCAGGATGTTAT-1","CGACTCAGGATGTTAT-1","1"
"CGAGAGATGTGAACCT-1","CGAGAGATGTGAACCT-1","1"
"CGAGCTGGGCTTTAGG-1","CGAGCTGGGCTTTAGG-1","5"
"CGAGGCTAAATATGGC-1","CGAGGCTAAATATGGC-1","4"
"CGAGTACTAAAGAGGA-1","CGAGTACTAAAGAGGA-1","7"
"CGAGTTCTGTCCCACC-1","CGAGTTCTGTCCCACC-1","1"
"CGATACCTCGCGGACA-1","CGATACCTCGCGGACA-1","4"
"CGATCCGACCCAGTGC-1","CGATCCGACCCAGTGC-1","4"
"CGATGGACCCTACGCC-1","CGATGGACCCTACGCC-1","1"
"CGCAAACACGAGTTAC-1","CGCAAACACGAGTTAC-1","2"
"CGCAATTAGGGTAATA-1","CGCAATTAGGGTAATA-1","2"
"CGCAGATCTTCACCCG-1","CGCAGATCTTCACCCG-1","6"
"CGCATTAGCTAATAGG-1","CGCATTAGCTAATAGG-1","7"
"CGCCATCCGATTATGA-1","CGCCATCCGATTATGA-1","1"
"CGCCCGCTTCCGTACA-1","CGCCCGCTTCCGTACA-1","2"
"CGCCTGGCCTACGTAA-1","CGCCTGGCCTACGTAA-1","2"
"CGCGAGAGGGACTTGT-1","CGCGAGAGGGACTTGT-1","7"
"CGCGCATGTTTGATTG-1","CGCGCATGTTTGATTG-1","1"
"CGCGCCCGACTTAATA-1","CGCGCCCGACTTAATA-1","7"
"CGCGGGAATTAGGCAG-1","CGCGGGAATTAGGCAG-1","4"
"CGCGGTCACAAACCAA-1","CGCGGTCACAAACCAA-1","1"
"CGCGTTCATGAAATAC-1","CGCGTTCATGAAATAC-1","7"
"CGCTACGGGACATTTA-1","CGCTACGGGACATTTA-1","4"
"CGCTATTCTTAGGCTC-1","CGCTATTCTTAGGCTC-1","6"
"CGCTCTCCGTAGATTA-1","CGCTCTCCGTAGATTA-1","7"
"CGCTGTGACGCCGCAC-1","CGCTGTGACGCCGCAC-1","2"
"CGCTTATTCCCGGTCG-1","CGCTTATTCCCGGTCG-1","7"
"CGCTTTCTTGCATTCG-1","CGCTTTCTTGCATTCG-1","6"
"CGGAACGTAAACATAG-1","CGGAACGTAAACATAG-1","1"
"CGGAGTTTGAGAGACA-1","CGGAGTTTGAGAGACA-1","2"
"CGGCAGGGTCGGGTTG-1","CGGCAGGGTCGGGTTG-1","6"
"CGGCCACGCACAAAGT-1","CGGCCACGCACAAAGT-1","4"
"CGGGATCAATGTAAGA-1","CGGGATCAATGTAAGA-1","2"
"CGGGCAGCTAAACCGC-1","CGGGCAGCTAAACCGC-1","1"
"CGGGCCTTCTTTGTAA-1","CGGGCCTTCTTTGTAA-1","4"
"CGGTAGAGGTGCAGGT-1","CGGTAGAGGTGCAGGT-1","1"
"CGGTATAGGTATTAGC-1","CGGTATAGGTATTAGC-1","5"
"CGGTCAAGTGGGAACC-1","CGGTCAAGTGGGAACC-1","1"
"CGGTCTATCAACCCGT-1","CGGTCTATCAACCCGT-1","2"
"CGGTGAAGACTAAAGT-1","CGGTGAAGACTAAAGT-1","5"
"CGGTGCAGATAGAACG-1","CGGTGCAGATAGAACG-1","1"
"CGGTGCGCGTTGGTCC-1","CGGTGCGCGTTGGTCC-1","7"
"CGGTGGGCTCCAGCCT-1","CGGTGGGCTCCAGCCT-1","2"
"CGGTTATCCAACAGTG-1","CGGTTATCCAACAGTG-1","6"
"CGGTTCAAGTAGGTGT-1","CGGTTCAAGTAGGTGT-1","1"
"CGGTTGACCTGGCATA-1","CGGTTGACCTGGCATA-1","2"
"CGTACCTGATAGGCCT-1","CGTACCTGATAGGCCT-1","7"
"CGTATTAAGAGATCTA-1","CGTATTAAGAGATCTA-1","1"
"CGTCACGTCCATTGGT-1","CGTCACGTCCATTGGT-1","1"
"CGTGAAGTTAATTCAC-1","CGTGAAGTTAATTCAC-1","4"
"CGTGACATTGGGTCGT-1","CGTGACATTGGGTCGT-1","5"
"CGTGCATTGTCGACGC-1","CGTGCATTGTCGACGC-1","7"
"CGTGTCCCATTCGCGA-1","CGTGTCCCATTCGCGA-1","2"
"CGTTAGCTCACAACTG-1","CGTTAGCTCACAACTG-1","2"
"CGTTCTTCGCACACCT-1","CGTTCTTCGCACACCT-1","1"
"CGTTGAGTAATTGCGT-1","CGTTGAGTAATTGCGT-1","5"
"CGTTGTAAGATTGATT-1","CGTTGTAAGATTGATT-1","6"
"CGTTGTTTCAATTCCC-1","CGTTGTTTCAATTCCC-1","1"
"CGTTTCACTTCGGGCG-1","CGTTTCACTTCGGGCG-1","7"
"CGTTTCGCTCATTACA-1","CGTTTCGCTCATTACA-1","1"
"CTAAAGAATGCCTACT-1","CTAAAGAATGCCTACT-1","7"
"CTAAATCCTATTCCGG-1","CTAAATCCTATTCCGG-1","1"
"CTAACCGCGCGCCCGT-1","CTAACCGCGCGCCCGT-1","7"
"CTAACGAAACTTGCTG-1","CTAACGAAACTTGCTG-1","6"
"CTAACTGGTCCGGTTC-1","CTAACTGGTCCGGTTC-1","5"
"CTAATTCGCACGCGCT-1","CTAATTCGCACGCGCT-1","2"
"CTAATTCTCAGATATT-1","CTAATTCTCAGATATT-1","6"
"CTACCCTAAGGTCATA-1","CTACCCTAAGGTCATA-1","6"
"CTACGACTAGCTATAA-1","CTACGACTAGCTATAA-1","2"
"CTACGCACGGAGTACC-1","CTACGCACGGAGTACC-1","4"
"CTACTATCTTTCAGAG-1","CTACTATCTTTCAGAG-1","4"
"CTACTCTAGGCCCGGC-1","CTACTCTAGGCCCGGC-1","5"
"CTACTGCCACCTGACC-1","CTACTGCCACCTGACC-1","1"
"CTAGCATAGTATAATG-1","CTAGCATAGTATAATG-1","4"
"CTAGCCGATGTTATGA-1","CTAGCCGATGTTATGA-1","4"
"CTAGTGAAGGACAGGA-1","CTAGTGAAGGACAGGA-1","7"
"CTAGTTGGGCCCGGTA-1","CTAGTTGGGCCCGGTA-1","1"
"CTATAAGAGCCAATCG-1","CTATAAGAGCCAATCG-1","4"
"CTATCGGGTCTCAACA-1","CTATCGGGTCTCAACA-1","6"
"CTATGTCACTAGCCCA-1","CTATGTCACTAGCCCA-1","1"
"CTATTGTGTTTGGTCA-1","CTATTGTGTTTGGTCA-1","2"
"CTCAAGACATTAGCGC-1","CTCAAGACATTAGCGC-1","2"
"CTCACTTGGCTGGTAA-1","CTCACTTGGCTGGTAA-1","2"
"CTCAGTCACGACAAAT-1","CTCAGTCACGACAAAT-1","4"
"CTCATTTGATGGGCGG-1","CTCATTTGATGGGCGG-1","2"
"CTCCGCCCACATGAGG-1","CTCCGCCCACATGAGG-1","1"
"CTCCGGCCTAATATGC-1","CTCCGGCCTAATATGC-1","5"
"CTCCTTTACGCAAGTC-1","CTCCTTTACGCAAGTC-1","4"
"CTCGAGGTCGAACAGT-1","CTCGAGGTCGAACAGT-1","1"
"CTCGATATTTGCGAGC-1","CTCGATATTTGCGAGC-1","4"
"CTCGCACCTATATAGT-1","CTCGCACCTATATAGT-1","7"
"CTCGTTTCTAATGTTT-1","CTCGTTTCTAATGTTT-1","4"
"CTCTAATGCATTGATC-1","CTCTAATGCATTGATC-1","4"
"CTCTCACAATCGATGA-1","CTCTCACAATCGATGA-1","4"
"CTCTGGACGCCTGGTG-1","CTCTGGACGCCTGGTG-1","1"
"CTGAAAGAGATCCGAC-1","CTGAAAGAGATCCGAC-1","2"
"CTGAATCCGAGACCTC-1","CTGAATCCGAGACCTC-1","4"
"CTGAATTTATTGCCAG-1","CTGAATTTATTGCCAG-1","4"
"CTGCCAAGGTTGGAAG-1","CTGCCAAGGTTGGAAG-1","7"
"CTGCGTTACGATATAA-1","CTGCGTTACGATATAA-1","2"
"CTGCTGAGGCCACGAA-1","CTGCTGAGGCCACGAA-1","2"
"CTGCTTTATGTCCGCG-1","CTGCTTTATGTCCGCG-1","1"
"CTGGAAATGGATGCTT-1","CTGGAAATGGATGCTT-1","1"
"CTGGATTTACACTTGA-1","CTGGATTTACACTTGA-1","4"
"CTGGCGACATAAGTCC-1","CTGGCGACATAAGTCC-1","2"
"CTGGGCCTGCTATATC-1","CTGGGCCTGCTATATC-1","7"
"CTGGTAACGAGCTCTT-1","CTGGTAACGAGCTCTT-1","6"
"CTGTACTTCTTAGCAT-1","CTGTACTTCTTAGCAT-1","4"
"CTGTCAAATGGCTCGG-1","CTGTCAAATGGCTCGG-1","1"
"CTGTTACCCAATCTAG-1","CTGTTACCCAATCTAG-1","4"
"CTGTTCACTGCCTGTG-1","CTGTTCACTGCCTGTG-1","2"
"CTTACACGGTATTCCA-1","CTTACACGGTATTCCA-1","7"
"CTTAGCCTTCCACATG-1","CTTAGCCTTCCACATG-1","7"
"CTTCATTGTCAGTGGA-1","CTTCATTGTCAGTGGA-1","4"
"CTTCGTAGATAGGTGA-1","CTTCGTAGATAGGTGA-1","4"
"CTTCTATGTTGAAGTA-1","CTTCTATGTTGAAGTA-1","5"
"CTTCTATTAATGCTAG-1","CTTCTATTAATGCTAG-1","2"
"CTTGCAACCGCCTCCT-1","CTTGCAACCGCCTCCT-1","5"
"CTTGCCCAGGCTCTAC-1","CTTGCCCAGGCTCTAC-1","4"
"CTTGTACTTGTTGACT-1","CTTGTACTTGTTGACT-1","2"
"CTTGTGCTCACCGATT-1","CTTGTGCTCACCGATT-1","1"
"CTTTAACTTTCAAAGG-1","CTTTAACTTTCAAAGG-1","7"
"CTTTGGCTTTAGTAAA-1","CTTTGGCTTTAGTAAA-1","7"
"GAAACCATGGTGCGCT-1","GAAACCATGGTGCGCT-1","6"
"GAAACCGAATTACCTT-1","GAAACCGAATTACCTT-1","4"
"GAAAGCCCTTTGGACC-1","GAAAGCCCTTTGGACC-1","5"
"GAAATATCACCATCAG-1","GAAATATCACCATCAG-1","5"
"GAAATATGCTTGAATG-1","GAAATATGCTTGAATG-1","7"
"GAAATCGCGCGCAACT-1","GAAATCGCGCGCAACT-1","2"
"GAAATGGCGGTGTTAG-1","GAAATGGCGGTGTTAG-1","1"
"GAAATTAGCACGGATA-1","GAAATTAGCACGGATA-1","7"
"GAAATTGTCTCTATAA-1","GAAATTGTCTCTATAA-1","4"
"GAACACACATCAACCA-1","GAACACACATCAACCA-1","2"
"GAACGACCGAATGATA-1","GAACGACCGAATGATA-1","2"
"GAACGTCTCATGGTCG-1","GAACGTCTCATGGTCG-1","6"
"GAAGCGTGAGGAATTT-1","GAAGCGTGAGGAATTT-1","4"
"GAAGCTTGCTGACCGC-1","GAAGCTTGCTGACCGC-1","2"
"GAAGTCAGTTGCACTA-1","GAAGTCAGTTGCACTA-1","4"
"GAAGTGATTTATCGTG-1","GAAGTGATTTATCGTG-1","4"
"GAAGTTTCCACTCAAT-1","GAAGTTTCCACTCAAT-1","1"
"GAATAGCCCTGCGGTC-1","GAATAGCCCTGCGGTC-1","1"
"GAATCGACATGGTCAC-1","GAATCGACATGGTCAC-1","2"
"GAATGTATGGCAGGTC-1","GAATGTATGGCAGGTC-1","2"
"GAATGTTGGGTAATCT-1","GAATGTTGGGTAATCT-1","7"
"GAATTATAGTGAAAGG-1","GAATTATAGTGAAAGG-1","4"
"GAATTCACCCGGGTGT-1","GAATTCACCCGGGTGT-1","4"
"GAATTTCTCGCTGCAG-1","GAATTTCTCGCTGCAG-1","5"
"GACAACGACCATTGAA-1","GACAACGACCATTGAA-1","1"
"GACAACGCAGCTTACG-1","GACAACGCAGCTTACG-1","5"
"GACACAAGGGAAGAAA-1","GACACAAGGGAAGAAA-1","4"
"GACACTGAGTTCAGTG-1","GACACTGAGTTCAGTG-1","4"
"GACAGGCACACACTAT-1","GACAGGCACACACTAT-1","5"
"GACATCGATTTATAAC-1","GACATCGATTTATAAC-1","5"
"GACCAGAGCCCTGTAG-1","GACCAGAGCCCTGTAG-1","1"
"GACCGACTGAAGCGTC-1","GACCGACTGAAGCGTC-1","5"
"GACCGTGCTGACGGTG-1","GACCGTGCTGACGGTG-1","4"
"GACGCTTGCTTCTAAA-1","GACGCTTGCTTCTAAA-1","1"
"GACGTGTAGGGATTAT-1","GACGTGTAGGGATTAT-1","5"
"GACTAAGATCATGCAC-1","GACTAAGATCATGCAC-1","2"
"GACTAAGTAGGCTCAC-1","GACTAAGTAGGCTCAC-1","2"
"GACTCCCAGAATAAGG-1","GACTCCCAGAATAAGG-1","6"
"GACTCGCGGGAATGAC-1","GACTCGCGGGAATGAC-1","4"
"GAGACCCTGCAACGCC-1","GAGACCCTGCAACGCC-1","2"
"GAGACTGATGGGTAGA-1","GAGACTGATGGGTAGA-1","1"
"GAGAGGGCGCGAGGTT-1","GAGAGGGCGCGAGGTT-1","1"
"GAGAGGTGCATTCTGG-1","GAGAGGTGCATTCTGG-1","2"
"GAGATCTGCTTGGCAT-1","GAGATCTGCTTGGCAT-1","1"
"GAGATCTGTCACTCCG-1","GAGATCTGTCACTCCG-1","4"
"GAGCCGAGCGTTTATT-1","GAGCCGAGCGTTTATT-1","2"
"GAGCTAAGGGCATATC-1","GAGCTAAGGGCATATC-1","4"
"GAGCTGTCGTCTCGGA-1","GAGCTGTCGTCTCGGA-1","1"
"GAGGAATGGAGAGGTT-1","GAGGAATGGAGAGGTT-1","5"
"GAGGCTATCAAAGTCG-1","GAGGCTATCAAAGTCG-1","2"
"GAGGGCGCAGCTCTGC-1","GAGGGCGCAGCTCTGC-1","4"
"GAGTATGCCCGCCTTG-1","GAGTATGCCCGCCTTG-1","7"
"GAGTCCGCTTACCGGA-1","GAGTCCGCTTACCGGA-1","6"
"GATACGATGGGAGTCA-1","GATACGATGGGAGTCA-1","1"
"GATATGCGGTAGCCAA-1","GATATGCGGTAGCCAA-1","7"
"GATATTTCCTACATGG-1","GATATTTCCTACATGG-1","2"
"GATCATTCCAAACATT-1","GATCATTCCAAACATT-1","1"
"GATCCCTTTATACTGC-1","GATCCCTTTATACTGC-1","1"
"GATCCTAAATCGGGAC-1","GATCCTAAATCGGGAC-1","4"
"GATCCTCGACACTGGC-1","GATCCTCGACACTGGC-1","5"
"GATCGACACTATCTGA-1","GATCGACACTATCTGA-1","7"
"GATCGCGGGCTCTCCA-1","GATCGCGGGCTCTCCA-1","4"
"GATCGGTGGCCATAAC-1","GATCGGTGGCCATAAC-1","1"
"GATCTTTGCAGGGTAT-1","GATCTTTGCAGGGTAT-1","1"
"GATGACGATGATCGCG-1","GATGACGATGATCGCG-1","1"
"GATGCGTCCTGCATTC-1","GATGCGTCCTGCATTC-1","4"
"GATGTTCAATCCACGA-1","GATGTTCAATCCACGA-1","1"
"GATTACTGAATTTGGG-1","GATTACTGAATTTGGG-1","1"
"GATTCCCTTGTCGCAG-1","GATTCCCTTGTCGCAG-1","1"
"GATTCCGCGTTTCCGT-1","GATTCCGCGTTTCCGT-1","5"
"GCAAATATTACGCTTT-1","GCAAATATTACGCTTT-1","1"
"GCAACCACCAGACCGG-1","GCAACCACCAGACCGG-1","2"
"GCAACCACGGCCGCGT-1","GCAACCACGGCCGCGT-1","7"
"GCAAGAATTCCTTGGC-1","GCAAGAATTCCTTGGC-1","1"
"GCAAGATGTGTTCGCG-1","GCAAGATGTGTTCGCG-1","2"
"GCAAGTGCACAGAGAA-1","GCAAGTGCACAGAGAA-1","2"
"GCAGATTAGGGATATC-1","GCAGATTAGGGATATC-1","4"
"GCAGCACACAGCCCAG-1","GCAGCACACAGCCCAG-1","1"
"GCAGCTATGGACAGGT-1","GCAGCTATGGACAGGT-1","2"
"GCAGGACTATAGAATA-1","GCAGGACTATAGAATA-1","7"
"GCAGGTAGAGTATGGT-1","GCAGGTAGAGTATGGT-1","7"
"GCATAGAGCACTCAGG-1","GCATAGAGCACTCAGG-1","4"
"GCATGAGGGACGCGGC-1","GCATGAGGGACGCGGC-1","6"
"GCATTCAAGGCAACGC-1","GCATTCAAGGCAACGC-1","6"
"GCATTGTAATTCATAT-1","GCATTGTAATTCATAT-1","5"
"GCCAACCATTTCCGGA-1","GCCAACCATTTCCGGA-1","5"
"GCCAATAGGGCATCTC-1","GCCAATAGGGCATCTC-1","4"
"GCCACAATTTAAGGAC-1","GCCACAATTTAAGGAC-1","1"
"GCCAGGAGTAACCGAT-1","GCCAGGAGTAACCGAT-1","1"
"GCCATATTGCACACAG-1","GCCATATTGCACACAG-1","1"
"GCCCGCGCGTAAACGG-1","GCCCGCGCGTAAACGG-1","7"
"GCCCGTAATACCTTCT-1","GCCCGTAATACCTTCT-1","1"
"GCCGAAATTCCTACGT-1","GCCGAAATTCCTACGT-1","1"
"GCCGCTTGTGAGAAAC-1","GCCGCTTGTGAGAAAC-1","1"
"GCCGGGTTAGGGTCGC-1","GCCGGGTTAGGGTCGC-1","6"
"GCCTATAGTGTCAGGG-1","GCCTATAGTGTCAGGG-1","4"
"GCCTATGCTGGGCCTT-1","GCCTATGCTGGGCCTT-1","1"
"GCGAAGCCATACCCGT-1","GCGAAGCCATACCCGT-1","1"
"GCGACGATAGTTGTAC-1","GCGACGATAGTTGTAC-1","4"
"GCGAGAGGCCATGTAA-1","GCGAGAGGCCATGTAA-1","4"
"GCGAGGCCCGAGCAGA-1","GCGAGGCCCGAGCAGA-1","1"
"GCGAGTTCTGCAAAGA-1","GCGAGTTCTGCAAAGA-1","4"
"GCGCATCCAGTCAGCA-1","GCGCATCCAGTCAGCA-1","6"
"GCGCTAATTGAATAGA-1","GCGCTAATTGAATAGA-1","6"
"GCGCTATGCCGAGGCA-1","GCGCTATGCCGAGGCA-1","1"
"GCGCTGATCCAGACTC-1","GCGCTGATCCAGACTC-1","2"
"GCGCTGCTTTGCATTT-1","GCGCTGCTTTGCATTT-1","4"
"GCGGACCGCGTTGTGG-1","GCGGACCGCGTTGTGG-1","2"
"GCGGCTCTGACGTACC-1","GCGGCTCTGACGTACC-1","1"
"GCGGTGAACTGCGCTC-1","GCGGTGAACTGCGCTC-1","1"
"GCGGTTCCCTATCATG-1","GCGGTTCCCTATCATG-1","1"
"GCGTCGAAATGTCGGT-1","GCGTCGAAATGTCGGT-1","5"
"GCGTCTCTGCATTGGG-1","GCGTCTCTGCATTGGG-1","1"
"GCGTTCGGAGACCGGG-1","GCGTTCGGAGACCGGG-1","1"
"GCTAATACCGAATGCC-1","GCTAATACCGAATGCC-1","5"
"GCTAGCAGGGAGTGGG-1","GCTAGCAGGGAGTGGG-1","2"
"GCTAGCTTGAATAGCT-1","GCTAGCTTGAATAGCT-1","5"
"GCTCATTACTGCATGT-1","GCTCATTACTGCATGT-1","2"
"GCTCGGAATTTAAAGC-1","GCTCGGAATTTAAAGC-1","7"
"GCTCTAAACCCTGACG-1","GCTCTAAACCCTGACG-1","2"
"GCTCTATGTTACGTGC-1","GCTCTATGTTACGTGC-1","2"
"GCTCTCGGGTACCGAA-1","GCTCTCGGGTACCGAA-1","7"
"GCTGCTCTCCGGACAC-1","GCTGCTCTCCGGACAC-1","1"
"GCTGGACCCAAAGTGG-1","GCTGGACCCAAAGTGG-1","2"
"GCTGGCATATTCACCT-1","GCTGGCATATTCACCT-1","2"
"GCTGGTGACTCGTAGT-1","GCTGGTGACTCGTAGT-1","5"
"GCTGTATTACTGGCCC-1","GCTGTATTACTGGCCC-1","7"
"GCTTCCGTCCCTAGAC-1","GCTTCCGTCCCTAGAC-1","1"
"GCTTGGATCGATTAGG-1","GCTTGGATCGATTAGG-1","6"
"GGAAACCTTGTTGAAT-1","GGAAACCTTGTTGAAT-1","1"
"GGAAAGTGCCCATGCC-1","GGAAAGTGCCCATGCC-1","7"
"GGAACCGTGTAAATTG-1","GGAACCGTGTAAATTG-1","7"
"GGAATGCGCTAGCGTG-1","GGAATGCGCTAGCGTG-1","6"
"GGACCTACGGTAACGT-1","GGACCTACGGTAACGT-1","7"
"GGACGTCCATAGTTGG-1","GGACGTCCATAGTTGG-1","2"
"GGAGAAGTCATTGGCA-1","GGAGAAGTCATTGGCA-1","5"
"GGAGCACCAAGAACTA-1","GGAGCACCAAGAACTA-1","1"
"GGAGGGCTTGGTTGGC-1","GGAGGGCTTGGTTGGC-1","6"
"GGATCATCCCGTACGC-1","GGATCATCCCGTACGC-1","7"
"GGATGACGCGAGTTTA-1","GGATGACGCGAGTTTA-1","1"
"GGATTCCGCTATACCC-1","GGATTCCGCTATACCC-1","2"
"GGATTTCACTTCTATA-1","GGATTTCACTTCTATA-1","6"
"GGCAAATTACTTTACT-1","GGCAAATTACTTTACT-1","4"
"GGCAATAGTCAATGAG-1","GGCAATAGTCAATGAG-1","4"
"GGCACTCCACTGGGCA-1","GGCACTCCACTGGGCA-1","1"
"GGCAGCGGTAATCCTA-1","GGCAGCGGTAATCCTA-1","2"
"GGCATACAGGTAGCGG-1","GGCATACAGGTAGCGG-1","7"
"GGCATATCGGTTCTGC-1","GGCATATCGGTTCTGC-1","2"
"GGCCCTCACCCACTTA-1","GGCCCTCACCCACTTA-1","5"
"GGCGCAGGACATCTTC-1","GGCGCAGGACATCTTC-1","2"
"GGCGCATGAATTGATG-1","GGCGCATGAATTGATG-1","4"
"GGCGGAGTAATATTAG-1","GGCGGAGTAATATTAG-1","1"
"GGCGGTAGGATCATTG-1","GGCGGTAGGATCATTG-1","4"
"GGCGTCCTATCCGCTG-1","GGCGTCCTATCCGCTG-1","2"
"GGCTAAAGGGCGGGTC-1","GGCTAAAGGGCGGGTC-1","1"
"GGCTAATGATTGAAAT-1","GGCTAATGATTGAAAT-1","2"
"GGCTATTAAGTTGTAT-1","GGCTATTAAGTTGTAT-1","7"
"GGCTCGCGTTGAGGTA-1","GGCTCGCGTTGAGGTA-1","6"
"GGCTCTGCTCCAACGC-1","GGCTCTGCTCCAACGC-1","1"
"GGGAACGGGAGGTTAG-1","GGGAACGGGAGGTTAG-1","1"
"GGGAATGAGCCCTCAC-1","GGGAATGAGCCCTCAC-1","1"
"GGGACTGCATAGATAG-1","GGGACTGCATAGATAG-1","1"
"GGGAGAACTCACAGTA-1","GGGAGAACTCACAGTA-1","1"
"GGGAGGATGCCCGAAA-1","GGGAGGATGCCCGAAA-1","4"
"GGGAGTTAATGAGGCG-1","GGGAGTTAATGAGGCG-1","6"
"GGGATGGTCGTAACCG-1","GGGATGGTCGTAACCG-1","1"
"GGGCCCGTCTTAAACA-1","GGGCCCGTCTTAAACA-1","4"
"GGGCGATATGTGTGAA-1","GGGCGATATGTGTGAA-1","1"
"GGGCGGCAAATGAATT-1","GGGCGGCAAATGAATT-1","7"
"GGGCGGGTTCCCTACG-1","GGGCGGGTTCCCTACG-1","1"
"GGGCGTACATTTATAT-1","GGGCGTACATTTATAT-1","2"
"GGGCGTCACCACGTAA-1","GGGCGTCACCACGTAA-1","1"
"GGGCGTCCACTGGCTC-1","GGGCGTCCACTGGCTC-1","2"
"GGGCTCATCGAACCCA-1","GGGCTCATCGAACCCA-1","1"
"GGGCTGCCTAGGGCGA-1","GGGCTGCCTAGGGCGA-1","4"
"GGGCTGGTTAGTCGCG-1","GGGCTGGTTAGTCGCG-1","1"
"GGGTACTTCATGAACT-1","GGGTACTTCATGAACT-1","1"
"GGGTATGTATGCACTT-1","GGGTATGTATGCACTT-1","5"
"GGGTCACCGTGACGGT-1","GGGTCACCGTGACGGT-1","1"
"GGGTCGTGGCAAGTGT-1","GGGTCGTGGCAAGTGT-1","4"
"GGGTGACACCTTAACT-1","GGGTGACACCTTAACT-1","4"
"GGTACAAACATGCTAT-1","GGTACAAACATGCTAT-1","4"
"GGTAGTGCTCGCACCA-1","GGTAGTGCTCGCACCA-1","6"
"GGTATTGCCGAGTTTA-1","GGTATTGCCGAGTTTA-1","1"
"GGTCGGATAAACGGCG-1","GGTCGGATAAACGGCG-1","1"
"GGTCGGCCAGGAGCTT-1","GGTCGGCCAGGAGCTT-1","6"
"GGTCTGAGAATCTGGA-1","GGTCTGAGAATCTGGA-1","4"
"GGTGAAGTACAGGGAT-1","GGTGAAGTACAGGGAT-1","7"
"GGTGCAGAGCCTATCG-1","GGTGCAGAGCCTATCG-1","2"
"GGTGCTGGTACACATT-1","GGTGCTGGTACACATT-1","4"
"GGTTACCACCCTCGGG-1","GGTTACCACCCTCGGG-1","7"
"GGTTAGGCTTGGAGAA-1","GGTTAGGCTTGGAGAA-1","2"
"GGTTTACAATCTCAAT-1","GGTTTACAATCTCAAT-1","1"
"GGTTTGACAAGAAGCT-1","GGTTTGACAAGAAGCT-1","2"
"GTAAGCGGGCAGTCAG-1","GTAAGCGGGCAGTCAG-1","7"
"GTAAGTAGGGTATACC-1","GTAAGTAGGGTATACC-1","5"
"GTAATCTGATTCTTCG-1","GTAATCTGATTCTTCG-1","7"
"GTACACTTACCTGAAG-1","GTACACTTACCTGAAG-1","6"
"GTACGAGATTGCGACA-1","GTACGAGATTGCGACA-1","2"
"GTACGTCACGTATTAA-1","GTACGTCACGTATTAA-1","2"
"GTACTAAGATTTGGAG-1","GTACTAAGATTTGGAG-1","7"
"GTACTCCCTTATCGCT-1","GTACTCCCTTATCGCT-1","2"
"GTACTCCTGGGTATGC-1","GTACTCCTGGGTATGC-1","4"
"GTAGAGGGAGACAAGT-1","GTAGAGGGAGACAAGT-1","5"
"GTAGCTTCCTCTTGTT-1","GTAGCTTCCTCTTGTT-1","6"
"GTAGGTGATCCGTGTA-1","GTAGGTGATCCGTGTA-1","2"
"GTATAGGACTCAGTAG-1","GTATAGGACTCAGTAG-1","2"
"GTATTCTGAGAAACGA-1","GTATTCTGAGAAACGA-1","7"
"GTCAGAATAGTCTATG-1","GTCAGAATAGTCTATG-1","2"
"GTCATGCACCTCCGTT-1","GTCATGCACCTCCGTT-1","1"
"GTCATGGACATGACTA-1","GTCATGGACATGACTA-1","1"
"GTCCCAACGTAAAGTA-1","GTCCCAACGTAAAGTA-1","6"
"GTCCGGCTGAATTGCG-1","GTCCGGCTGAATTGCG-1","7"
"GTCGGAAGGATACCAG-1","GTCGGAAGGATACCAG-1","2"
"GTCGGATATCTCAGAC-1","GTCGGATATCTCAGAC-1","7"
"GTCGGATGTAGCGCGC-1","GTCGGATGTAGCGCGC-1","2"
"GTCGTATTGGCGTACA-1","GTCGTATTGGCGTACA-1","7"
"GTCGTGTCTGGTCATC-1","GTCGTGTCTGGTCATC-1","6"
"GTCTATCTGAGTTTCT-1","GTCTATCTGAGTTTCT-1","1"
"GTCTCGACTAAGTTTG-1","GTCTCGACTAAGTTTG-1","6"
"GTCTCGATCTGCTTTC-1","GTCTCGATCTGCTTTC-1","7"
"GTCTGGGCGGTCGAGA-1","GTCTGGGCGGTCGAGA-1","1"
"GTGAAACGGCGCCACC-1","GTGAAACGGCGCCACC-1","1"
"GTGAAGATTTCAAGTG-1","GTGAAGATTTCAAGTG-1","1"
"GTGAAGCCGTATAGTC-1","GTGAAGCCGTATAGTC-1","1"
"GTGACTTCAGTAGTGC-1","GTGACTTCAGTAGTGC-1","4"
"GTGAGCGTGCTGCACT-1","GTGAGCGTGCTGCACT-1","5"
"GTGAGGAGCGGTTGAG-1","GTGAGGAGCGGTTGAG-1","5"
"GTGAGTGGTACAACGC-1","GTGAGTGGTACAACGC-1","4"
"GTGATCATAGATCTGC-1","GTGATCATAGATCTGC-1","6"
"GTGATGCACAACATCT-1","GTGATGCACAACATCT-1","5"
"GTGATTCGCCGCTCAA-1","GTGATTCGCCGCTCAA-1","7"
"GTGCACGAAAGTGACT-1","GTGCACGAAAGTGACT-1","5"
"GTGCCATCACACGGTG-1","GTGCCATCACACGGTG-1","7"
"GTGCCGCTTCAAAGGT-1","GTGCCGCTTCAAAGGT-1","1"
"GTGCGAAATCGAACAC-1","GTGCGAAATCGAACAC-1","1"
"GTGCGGGTCTCCAAAT-1","GTGCGGGTCTCCAAAT-1","2"
"GTGCTCAAGTACTGTC-1","GTGCTCAAGTACTGTC-1","1"
"GTGGAACCTACATGCG-1","GTGGAACCTACATGCG-1","5"
"GTGGACCAACCCGATT-1","GTGGACCAACCCGATT-1","2"
"GTGGGCTTAGACACAC-1","GTGGGCTTAGACACAC-1","2"
"GTGGTTTCCGCCTTTC-1","GTGGTTTCCGCCTTTC-1","7"
"GTGTACCTTGGCTACG-1","GTGTACCTTGGCTACG-1","1"
"GTTACAATTGGTGACG-1","GTTACAATTGGTGACG-1","7"
"GTTACTTTGGGCCTAG-1","GTTACTTTGGGCCTAG-1","4"
"GTTATATCAGGAGCCA-1","GTTATATCAGGAGCCA-1","6"
"GTTATATTATCTCCCT-1","GTTATATTATCTCCCT-1","4"
"GTTCACAGGAGTCTAG-1","GTTCACAGGAGTCTAG-1","7"
"GTTCGCCATAAGTGCC-1","GTTCGCCATAAGTGCC-1","4"
"GTTGAACCGGTTCCAT-1","GTTGAACCGGTTCCAT-1","1"
"GTTGCACGGAGTTTCG-1","GTTGCACGGAGTTTCG-1","2"
"GTTGGACCGCATCAGG-1","GTTGGACCGCATCAGG-1","4"
"GTTGGATTCAGTGGCT-1","GTTGGATTCAGTGGCT-1","7"
"GTTGGATTTGCGTTGG-1","GTTGGATTTGCGTTGG-1","1"
"GTTTCATATCGTCGCT-1","GTTTCATATCGTCGCT-1","2"
"GTTTCCTGGAGGGTGA-1","GTTTCCTGGAGGGTGA-1","2"
"GTTTGACCAAATCCTA-1","GTTTGACCAAATCCTA-1","1"
"TAAAGCGTTAGGAGAA-1","TAAAGCGTTAGGAGAA-1","4"
"TAAAGCTGCAATAGGG-1","TAAAGCTGCAATAGGG-1","7"
"TAAATGCCGTCTCATG-1","TAAATGCCGTCTCATG-1","2"
"TAACTCATCCGCGCGG-1","TAACTCATCCGCGCGG-1","1"
"TAAGCCCTTACGACCA-1","TAAGCCCTTACGACCA-1","2"
"TAAGGCAACATAAGAT-1","TAAGGCAACATAAGAT-1","1"
"TAAGTAACATCTTGAC-1","TAAGTAACATCTTGAC-1","1"
"TAATAAACAAGGAGAT-1","TAATAAACAAGGAGAT-1","2"
"TAATACACAGTAGTAT-1","TAATACACAGTAGTAT-1","2"
"TAATAGAACAGAGTTA-1","TAATAGAACAGAGTTA-1","2"
"TAATAGTGACGACCAG-1","TAATAGTGACGACCAG-1","4"
"TAATCGATCCGTACGT-1","TAATCGATCCGTACGT-1","1"
"TAATTGGAATCGGGAA-1","TAATTGGAATCGGGAA-1","7"
"TACAACGCACAACTCA-1","TACAACGCACAACTCA-1","4"
"TACAAGTCTCGTGCAT-1","TACAAGTCTCGTGCAT-1","5"
"TACATAGGCATACACC-1","TACATAGGCATACACC-1","6"
"TACATTTCTAACGTGC-1","TACATTTCTAACGTGC-1","4"
"TACCAGAAGTAGGTTC-1","TACCAGAAGTAGGTTC-1","1"
"TACCGGTCGTTTCCAT-1","TACCGGTCGTTTCCAT-1","7"
"TACCTTAAGATTTCCC-1","TACCTTAAGATTTCCC-1","5"
"TACGAACACGACTTCA-1","TACGAACACGACTTCA-1","1"
"TACGACGCTTGCTGCG-1","TACGACGCTTGCTGCG-1","4"
"TACGAGAACTTCACGT-1","TACGAGAACTTCACGT-1","1"
"TACGATGTTGATCATC-1","TACGATGTTGATCATC-1","7"
"TACGCAGTTCTTTCCT-1","TACGCAGTTCTTTCCT-1","4"
"TACGCCATATTCTAAT-1","TACGCCATATTCTAAT-1","6"
"TACGGGATGCTAGCAG-1","TACGGGATGCTAGCAG-1","7"
"TACGTTTACCGGCAAT-1","TACGTTTACCGGCAAT-1","7"
"TACTCTCCGAACAAAT-1","TACTCTCCGAACAAAT-1","7"
"TACTGCAATCAATTAC-1","TACTGCAATCAATTAC-1","1"
"TACTGGACAGCTCGGC-1","TACTGGACAGCTCGGC-1","2"
"TACTTTACTGAGCCGG-1","TACTTTACTGAGCCGG-1","6"
"TAGAAAGGTGGCGCTA-1","TAGAAAGGTGGCGCTA-1","4"
"TAGAGATCATGCAACT-1","TAGAGATCATGCAACT-1","5"
"TAGAGTCTAAGCGAAC-1","TAGAGTCTAAGCGAAC-1","1"
"TAGATATGGACTGGAA-1","TAGATATGGACTGGAA-1","1"
"TAGCTAAGTCCGGGAG-1","TAGCTAAGTCCGGGAG-1","1"
"TAGCTAGAAGGCATGA-1","TAGCTAGAAGGCATGA-1","7"
"TAGCTCGCCTGATAAC-1","TAGCTCGCCTGATAAC-1","4"
"TAGGCATGTTACGCCA-1","TAGGCATGTTACGCCA-1","1"
"TAGGGTGTTTCAAGAG-1","TAGGGTGTTTCAAGAG-1","2"
"TAGGTGAGCCCTACTC-1","TAGGTGAGCCCTACTC-1","2"
"TAGGTTCGAGTTCGTC-1","TAGGTTCGAGTTCGTC-1","6"
"TAGTCCGCAGAGAATG-1","TAGTCCGCAGAGAATG-1","4"
"TAGTCTAACAACGAGA-1","TAGTCTAACAACGAGA-1","7"
"TAGTCTGTGACGTTGC-1","TAGTCTGTGACGTTGC-1","4"
"TAGTGCCCTCCAGAGT-1","TAGTGCCCTCCAGAGT-1","1"
"TATATTACAAATGTCG-1","TATATTACAAATGTCG-1","7"
"TATCACCCAACCGACC-1","TATCACCCAACCGACC-1","4"
"TATCACTTCGAGTAAC-1","TATCACTTCGAGTAAC-1","7"
"TATCGATCTATGCATA-1","TATCGATCTATGCATA-1","1"
"TATCGATGATTAAACG-1","TATCGATGATTAAACG-1","2"
"TATGATCCGGCACGCC-1","TATGATCCGGCACGCC-1","6"
"TATGCTCCCTACTTAC-1","TATGCTCCCTACTTAC-1","7"
"TATGGATGTGCTACGC-1","TATGGATGTGCTACGC-1","7"
"TATGGCCCGGCCTCGC-1","TATGGCCCGGCCTCGC-1","2"
"TATGGGACCGAGCAGG-1","TATGGGACCGAGCAGG-1","4"
"TATGGGTACGTATCGT-1","TATGGGTACGTATCGT-1","1"
"TATGGTCTGAGTAACA-1","TATGGTCTGAGTAACA-1","4"
"TATGTCAAGACCGACT-1","TATGTCAAGACCGACT-1","1"
"TATGTCTCATTGTGCC-1","TATGTCTCATTGTGCC-1","4"
"TATTCAATTCTAATCC-1","TATTCAATTCTAATCC-1","6"
"TATTCCACTCAGCTCG-1","TATTCCACTCAGCTCG-1","4"
"TATTCCTCCGCCCACT-1","TATTCCTCCGCCCACT-1","5"
"TATTCGTGCCAGAATA-1","TATTCGTGCCAGAATA-1","4"
"TATTTAGTCTAGATCG-1","TATTTAGTCTAGATCG-1","5"
"TATTTATACCGAGTAG-1","TATTTATACCGAGTAG-1","5"
"TATTTGTTACCCTTTA-1","TATTTGTTACCCTTTA-1","2"
"TCAAACAACCGCGTCG-1","TCAAACAACCGCGTCG-1","7"
"TCAAACTTAGATTGTT-1","TCAAACTTAGATTGTT-1","4"
"TCAACCATGTTCGGGC-1","TCAACCATGTTCGGGC-1","2"
"TCAACGCAGGAAATAA-1","TCAACGCAGGAAATAA-1","5"
"TCAACGCGACCGGCAG-1","TCAACGCGACCGGCAG-1","5"
"TCACAGCAAACTCGAA-1","TCACAGCAAACTCGAA-1","2"
"TCACAGGTTATTGGGC-1","TCACAGGTTATTGGGC-1","1"
"TCACCGCTCGGCACTC-1","TCACCGCTCGGCACTC-1","6"
"TCACGCATTGTAGATC-1","TCACGCATTGTAGATC-1","1"
"TCACGGTCATCGCACA-1","TCACGGTCATCGCACA-1","2"
"TCACGTGCCCGATTCA-1","TCACGTGCCCGATTCA-1","6"
"TCACTACGACCAATGC-1","TCACTACGACCAATGC-1","2"
"TCACTCGTGCAACGGC-1","TCACTCGTGCAACGGC-1","2"
"TCAGCAAATGCATCTC-1","TCAGCAAATGCATCTC-1","4"
"TCAGGGTGTAACGTAA-1","TCAGGGTGTAACGTAA-1","1"
"TCAGGTTCTTTGAGAA-1","TCAGGTTCTTTGAGAA-1","7"
"TCAGTACTGACCCGCG-1","TCAGTACTGACCCGCG-1","5"
"TCAGTAGGGACTATAA-1","TCAGTAGGGACTATAA-1","1"
"TCATGCAGGTTCTCAT-1","TCATGCAGGTTCTCAT-1","2"
"TCCAACTTTAAATTCT-1","TCCAACTTTAAATTCT-1","4"
"TCCACAATGGTTTACG-1","TCCACAATGGTTTACG-1","2"
"TCCACTTTATCTAGGT-1","TCCACTTTATCTAGGT-1","4"
"TCCAGATGTACGCCAA-1","TCCAGATGTACGCCAA-1","6"
"TCCAGGCGAGTACGGT-1","TCCAGGCGAGTACGGT-1","1"
"TCCCAAACAGACAACG-1","TCCCAAACAGACAACG-1","4"
"TCCCAAAGACGAAGGA-1","TCCCAAAGACGAAGGA-1","1"
"TCCCAGCTTTAGTCTG-1","TCCCAGCTTTAGTCTG-1","4"
"TCCCAGGCTTAGCTAA-1","TCCCAGGCTTAGCTAA-1","1"
"TCCCGCGTACTCCTGG-1","TCCCGCGTACTCCTGG-1","1"
"TCCCGGGTGTGCTGCT-1","TCCCGGGTGTGCTGCT-1","7"
"TCCCGTCAGTCCCGCA-1","TCCCGTCAGTCCCGCA-1","7"
"TCCCTGGCTCGCTGGA-1","TCCCTGGCTCGCTGGA-1","2"
"TCCCTTAGATTACTCG-1","TCCCTTAGATTACTCG-1","2"
"TCCGAAGTAGTCACCA-1","TCCGAAGTAGTCACCA-1","2"
"TCCGATAATTGCCATA-1","TCCGATAATTGCCATA-1","5"
"TCCGATGACTGAGCTC-1","TCCGATGACTGAGCTC-1","7"
"TCCGATGGTGCGACAT-1","TCCGATGGTGCGACAT-1","7"
"TCCGATTACATTGCCG-1","TCCGATTACATTGCCG-1","2"
"TCCGGAGGAAGGGCTG-1","TCCGGAGGAAGGGCTG-1","2"
"TCCGGCCTAGCGTACA-1","TCCGGCCTAGCGTACA-1","6"
"TCCGGTTCGTCCGGTC-1","TCCGGTTCGTCCGGTC-1","1"
"TCCGTTTAGCCTTGAA-1","TCCGTTTAGCCTTGAA-1","4"
"TCCTAGCAAAGAAGCT-1","TCCTAGCAAAGAAGCT-1","1"
"TCCTCTACGAGATGGC-1","TCCTCTACGAGATGGC-1","5"
"TCCTGCCAACTGGAGA-1","TCCTGCCAACTGGAGA-1","5"
"TCCTGCGTTGATACTC-1","TCCTGCGTTGATACTC-1","7"
"TCCTGGCGCTGCCTGG-1","TCCTGGCGCTGCCTGG-1","2"
"TCCTTTCTTACGCTTA-1","TCCTTTCTTACGCTTA-1","1"
"TCGAAATTTAGGACCA-1","TCGAAATTTAGGACCA-1","7"
"TCGAGACCAACACCGT-1","TCGAGACCAACACCGT-1","4"
"TCGCCGAAGTTGCGTC-1","TCGCCGAAGTTGCGTC-1","7"
"TCGCCGGTCGATCCGT-1","TCGCCGGTCGATCCGT-1","2"
"TCGCGTCCAGAAGGTC-1","TCGCGTCCAGAAGGTC-1","2"
"TCGCTAAACCGCTATC-1","TCGCTAAACCGCTATC-1","7"
"TCGCTCGATATATTCC-1","TCGCTCGATATATTCC-1","1"
"TCGCTCGGCACCAGCG-1","TCGCTCGGCACCAGCG-1","4"
"TCGCTGGGCGGATTGT-1","TCGCTGGGCGGATTGT-1","1"
"TCGCTTTAAACGTTTG-1","TCGCTTTAAACGTTTG-1","1"
"TCGGAATGCGCTCTGA-1","TCGGAATGCGCTCTGA-1","5"
"TCGGACGCCCAGCCCA-1","TCGGACGCCCAGCCCA-1","6"
"TCGGAGTACATGAGTA-1","TCGGAGTACATGAGTA-1","4"
"TCGGTGACCGCTCCGG-1","TCGGTGACCGCTCCGG-1","2"
"TCGTAAGACGACATTG-1","TCGTAAGACGACATTG-1","1"
"TCGTAAGCTCCGAGGA-1","TCGTAAGCTCCGAGGA-1","7"
"TCGTATTACCCATTGC-1","TCGTATTACCCATTGC-1","2"
"TCGTGTCACGCTGACA-1","TCGTGTCACGCTGACA-1","5"
"TCGTTAGGAGTCCCTA-1","TCGTTAGGAGTCCCTA-1","1"
"TCTACCGTCCACAAGC-1","TCTACCGTCCACAAGC-1","1"
"TCTAGCAATCTCCGCC-1","TCTAGCAATCTCCGCC-1","2"
"TCTAGCATCTTCGATG-1","TCTAGCATCTTCGATG-1","5"
"TCTAGGTGGCGACGCT-1","TCTAGGTGGCGACGCT-1","6"
"TCTAGTTATCAGAAGA-1","TCTAGTTATCAGAAGA-1","1"
"TCTATCGGTCGCAACA-1","TCTATCGGTCGCAACA-1","2"
"TCTCCAACGTAGGTTA-1","TCTCCAACGTAGGTTA-1","2"
"TCTCGAACGAGGTCAC-1","TCTCGAACGAGGTCAC-1","5"
"TCTCTAATAGCTGGTA-1","TCTCTAATAGCTGGTA-1","5"
"TCTGGGTAGCGCTCAT-1","TCTGGGTAGCGCTCAT-1","1"
"TCTGTGCCATCATAGT-1","TCTGTGCCATCATAGT-1","6"
"TCTGTTACCCAGCATA-1","TCTGTTACCCAGCATA-1","5"
"TCTTACCGGAACTCGT-1","TCTTACCGGAACTCGT-1","1"
"TCTTCGATACCAATAA-1","TCTTCGATACCAATAA-1","4"
"TCTTGATGCGTAGCGA-1","TCTTGATGCGTAGCGA-1","4"
"TCTTGGTAACACCAAA-1","TCTTGGTAACACCAAA-1","2"
"TGAATATGCTATAAAC-1","TGAATATGCTATAAAC-1","7"
"TGACACTTCTCTTTGC-1","TGACACTTCTCTTTGC-1","7"
"TGACCCACGTTAGACA-1","TGACCCACGTTAGACA-1","1"
"TGAGATTAGGCCCTAA-1","TGAGATTAGGCCCTAA-1","2"
"TGAGCCATACAGTCTC-1","TGAGCCATACAGTCTC-1","1"
"TGAGCTTTAATGACGC-1","TGAGCTTTAATGACGC-1","7"
"TGAGTAAATTAGCGTA-1","TGAGTAAATTAGCGTA-1","4"
"TGAGTGCCTCTTAAAT-1","TGAGTGCCTCTTAAAT-1","1"
"TGAGTGGTCCGTGACG-1","TGAGTGGTCCGTGACG-1","4"
"TGATCAGGGAACTGCT-1","TGATCAGGGAACTGCT-1","5"
"TGATCCCAGCATTAGT-1","TGATCCCAGCATTAGT-1","6"
"TGATCGGTTTGACCCT-1","TGATCGGTTTGACCCT-1","1"
"TGATCTACGCTGATCT-1","TGATCTACGCTGATCT-1","7"
"TGATCTCCGGCGCCAG-1","TGATCTCCGGCGCCAG-1","7"
"TGATTATGGCACGCAG-1","TGATTATGGCACGCAG-1","2"
"TGATTCGTCTATCACT-1","TGATTCGTCTATCACT-1","7"
"TGATTCTGTCGCCGGT-1","TGATTCTGTCGCCGGT-1","7"
"TGATTTATTAGCTGTG-1","TGATTTATTAGCTGTG-1","7"
"TGCAAGAATGACGTAA-1","TGCAAGAATGACGTAA-1","1"
"TGCAATTTGGGCACGG-1","TGCAATTTGGGCACGG-1","2"
"TGCACAGTGAAGTTAT-1","TGCACAGTGAAGTTAT-1","2"
"TGCAGAACTATATCGT-1","TGCAGAACTATATCGT-1","5"
"TGCAGAGTACCGAGCA-1","TGCAGAGTACCGAGCA-1","4"
"TGCAGGATCGGCAAAG-1","TGCAGGATCGGCAAAG-1","1"
"TGCATGGATCGGATCT-1","TGCATGGATCGGATCT-1","2"
"TGCATGTGGTAATCTA-1","TGCATGTGGTAATCTA-1","4"
"TGCCACCTGGCGAAAC-1","TGCCACCTGGCGAAAC-1","2"
"TGCCATTACTAAAGAA-1","TGCCATTACTAAAGAA-1","7"
"TGCCTGATCAAACGAT-1","TGCCTGATCAAACGAT-1","2"
"TGCGACACCCTAGTGC-1","TGCGACACCCTAGTGC-1","1"
"TGCGAGAATATTACCC-1","TGCGAGAATATTACCC-1","2"
"TGCGAGATGGCGGCCA-1","TGCGAGATGGCGGCCA-1","2"
"TGCGAGCCCTTCCGCG-1","TGCGAGCCCTTCCGCG-1","2"
"TGCGCAAAGCATTTGG-1","TGCGCAAAGCATTTGG-1","4"
"TGCGCGATTAACGGAG-1","TGCGCGATTAACGGAG-1","2"
"TGCGGAGTAAAGGTGC-1","TGCGGAGTAAAGGTGC-1","7"
"TGCGTAAGAACCTGAT-1","TGCGTAAGAACCTGAT-1","1"
"TGGAACCACTGACACA-1","TGGAACCACTGACACA-1","4"
"TGGAAGAAGGGAACGT-1","TGGAAGAAGGGAACGT-1","1"
"TGGAAGGATAAAGATG-1","TGGAAGGATAAAGATG-1","2"
"TGGAATATCCTTGACC-1","TGGAATATCCTTGACC-1","4"
"TGGAGTGATGCGATGA-1","TGGAGTGATGCGATGA-1","7"
"TGGCAACTCGCGCGCC-1","TGGCAACTCGCGCGCC-1","1"
"TGGCAGATTACGATCA-1","TGGCAGATTACGATCA-1","6"
"TGGCAGCAGTAATAGT-1","TGGCAGCAGTAATAGT-1","6"
"TGGCCAAACTGAAGTA-1","TGGCCAAACTGAAGTA-1","1"
"TGGCCGTATATTGACC-1","TGGCCGTATATTGACC-1","2"
"TGGCGATCAAGTTATG-1","TGGCGATCAAGTTATG-1","4"
"TGGCTTGTACAAGCTT-1","TGGCTTGTACAAGCTT-1","7"
"TGGGATGCACTCATTC-1","TGGGATGCACTCATTC-1","2"
"TGGGCCACAAGAGCGC-1","TGGGCCACAAGAGCGC-1","2"
"TGGGTGGGATGTCATT-1","TGGGTGGGATGTCATT-1","5"
"TGGTCTGTTGGGCGTA-1","TGGTCTGTTGGGCGTA-1","7"
"TGGTTCGTAGCAAAGG-1","TGGTTCGTAGCAAAGG-1","2"
"TGGTTTAAACGTGGGT-1","TGGTTTAAACGTGGGT-1","6"
"TGTACGAACAAATCCG-1","TGTACGAACAAATCCG-1","4"
"TGTAGTGATCTATAAT-1","TGTAGTGATCTATAAT-1","7"
"TGTATAACAGATCCTG-1","TGTATAACAGATCCTG-1","4"
"TGTATCAGACTGAAGC-1","TGTATCAGACTGAAGC-1","5"
"TGTCATTTGTTGGGAA-1","TGTCATTTGTTGGGAA-1","4"
"TGTCCTAAGTCACCGC-1","TGTCCTAAGTCACCGC-1","2"
"TGTGACTACGCCAGTC-1","TGTGACTACGCCAGTC-1","7"
"TGTGGCAAAGCGTATG-1","TGTGGCAAAGCGTATG-1","4"
"TGTTCCGCTTCCATGA-1","TGTTCCGCTTCCATGA-1","1"
"TGTTCTTCCATTGACT-1","TGTTCTTCCATTGACT-1","1"
"TGTTGTCAAGAAGTCT-1","TGTTGTCAAGAAGTCT-1","1"
"TTAAACTCGAATTCAT-1","TTAAACTCGAATTCAT-1","6"
"TTAACCAACCCTCCCT-1","TTAACCAACCCTCCCT-1","5"
"TTAACGAACAAGCAGT-1","TTAACGAACAAGCAGT-1","4"
"TTAACTTCAGGTAGGA-1","TTAACTTCAGGTAGGA-1","5"
"TTAAGCGCCTGACCCA-1","TTAAGCGCCTGACCCA-1","7"
"TTAATCAGTACGTCAG-1","TTAATCAGTACGTCAG-1","2"
"TTAATGTAGACCAGGT-1","TTAATGTAGACCAGGT-1","4"
"TTAATTTCAGACGCGG-1","TTAATTTCAGACGCGG-1","5"
"TTACAACTACGCATCC-1","TTACAACTACGCATCC-1","2"
"TTACAGACCTAAATGA-1","TTACAGACCTAAATGA-1","4"
"TTACCATTGATTACCC-1","TTACCATTGATTACCC-1","2"
"TTACCCATTGCCGGGT-1","TTACCCATTGCCGGGT-1","2"
"TTACTCTGGTACGTAC-1","TTACTCTGGTACGTAC-1","7"
"TTACTGGGATATTTCA-1","TTACTGGGATATTTCA-1","4"
"TTACTGTCTAGAGCTC-1","TTACTGTCTAGAGCTC-1","1"
"TTAGACACGATCGTTG-1","TTAGACACGATCGTTG-1","2"
"TTAGCTAATACGATCT-1","TTAGCTAATACGATCT-1","1"
"TTAGTAGGGCGGCGGG-1","TTAGTAGGGCGGCGGG-1","2"
"TTAGTTCAAGTGTTCG-1","TTAGTTCAAGTGTTCG-1","4"
"TTATATTTGGCAATCC-1","TTATATTTGGCAATCC-1","1"
"TTATCTGTATCATAAC-1","TTATCTGTATCATAAC-1","2"
"TTATGACAAACTGGAT-1","TTATGACAAACTGGAT-1","2"
"TTCACGAAAGGATCAC-1","TTCACGAAAGGATCAC-1","4"
"TTCATGGCGCAACAGG-1","TTCATGGCGCAACAGG-1","2"
"TTCCAATCAGAGCTAG-1","TTCCAATCAGAGCTAG-1","1"
"TTCCAATCTGGCTATC-1","TTCCAATCTGGCTATC-1","7"
"TTCCACACAGATTTGA-1","TTCCACACAGATTTGA-1","7"
"TTCCATCATGCGGTGA-1","TTCCATCATGCGGTGA-1","2"
"TTCCGCAGAGAAATAT-1","TTCCGCAGAGAAATAT-1","1"
"TTCCGGCTCGACTTCT-1","TTCCGGCTCGACTTCT-1","2"
"TTCCTCGAGGGTGTCT-1","TTCCTCGAGGGTGTCT-1","5"
"TTCGACGGGAAGGGCG-1","TTCGACGGGAAGGGCG-1","2"
"TTCGCACTCGCGTGCT-1","TTCGCACTCGCGTGCT-1","2"
"TTCGCTATCTGACGTG-1","TTCGCTATCTGACGTG-1","1"
"TTCGGCAACCCGCTGA-1","TTCGGCAACCCGCTGA-1","2"
"TTCGTACTCCAGAACG-1","TTCGTACTCCAGAACG-1","5"
"TTCGTTCAACGAAGTT-1","TTCGTTCAACGAAGTT-1","4"
"TTCTAGGCCAATTGTG-1","TTCTAGGCCAATTGTG-1","5"
"TTCTGCTAGACTCCAA-1","TTCTGCTAGACTCCAA-1","6"
"TTCTTGAGCCGCGCTA-1","TTCTTGAGCCGCGCTA-1","7"
"TTCTTGGACGATCTGC-1","TTCTTGGACGATCTGC-1","5"
"TTCTTGGAGTAATGAG-1","TTCTTGGAGTAATGAG-1","7"
"TTCTTTGGTCGCGACG-1","TTCTTTGGTCGCGACG-1","4"
"TTGAAAGGTGTAAAGG-1","TTGAAAGGTGTAAAGG-1","2"
"TTGAAGAATTCCCAGG-1","TTGAAGAATTCCCAGG-1","1"
"TTGACATGAACGTGGA-1","TTGACATGAACGTGGA-1","7"
"TTGACCATGTTCTCCG-1","TTGACCATGTTCTCCG-1","1"
"TTGACCGTGTTAATGA-1","TTGACCGTGTTAATGA-1","5"
"TTGACTACCATATGGT-1","TTGACTACCATATGGT-1","1"
"TTGAGAGTACTGCTAA-1","TTGAGAGTACTGCTAA-1","1"
"TTGATCTAACTTTGTC-1","TTGATCTAACTTTGTC-1","7"
"TTGATGTGTAGTCCCG-1","TTGATGTGTAGTCCCG-1","1"
"TTGATTAGCTGTTTCT-1","TTGATTAGCTGTTTCT-1","2"
"TTGATTATGCAGATGA-1","TTGATTATGCAGATGA-1","5"
"TTGCACAATTCAGAAA-1","TTGCACAATTCAGAAA-1","6"
"TTGCACGGAGCAGCAC-1","TTGCACGGAGCAGCAC-1","2"
"TTGCATGCTGATCACG-1","TTGCATGCTGATCACG-1","1"
"TTGCCCTGATCACGGG-1","TTGCCCTGATCACGGG-1","7"
"TTGCGTCGGCCAACCG-1","TTGCGTCGGCCAACCG-1","5"
"TTGCGTGAACGCTTAG-1","TTGCGTGAACGCTTAG-1","2"
"TTGCTCCCATACCGGA-1","TTGCTCCCATACCGGA-1","7"
"TTGCTGAAGGAACCAC-1","TTGCTGAAGGAACCAC-1","5"
"TTGCTGATCATGTTCG-1","TTGCTGATCATGTTCG-1","1"
"TTGGACATGTGGCTTA-1","TTGGACATGTGGCTTA-1","7"
"TTGGATATCGTCTACG-1","TTGGATATCGTCTACG-1","1"
"TTGGCCTAGAATTTCG-1","TTGGCCTAGAATTTCG-1","2"
"TTGGGACACTGCCCGC-1","TTGGGACACTGCCCGC-1","1"
"TTGGGCGGCGGTTGCC-1","TTGGGCGGCGGTTGCC-1","4"
"TTGGTCACACTCGTAA-1","TTGGTCACACTCGTAA-1","1"
"TTGTAAGGACCTAAGT-1","TTGTAAGGACCTAAGT-1","2"
"TTGTAAGGCCAGTTGG-1","TTGTAAGGCCAGTTGG-1","1"
"TTGTAATCCGTACTCG-1","TTGTAATCCGTACTCG-1","1"
"TTGTCGTTCAGTTACC-1","TTGTCGTTCAGTTACC-1","2"
"TTGTGGCCCTGACAGT-1","TTGTGGCCCTGACAGT-1","5"
"TTGTGTTTCCCGAAAG-1","TTGTGTTTCCCGAAAG-1","4"
"TTGTTCAGTGTGCTAC-1","TTGTTCAGTGTGCTAC-1","7"
"TTGTTGTGTGTCAAGA-1","TTGTTGTGTGTCAAGA-1","4"
"TTGTTTCCATACAACT-1","TTGTTTCCATACAACT-1","5"
